,net_number,accuracy,acc_motion,acc_color,index_max_motion,index_max_color,color_info_flows,motion_info_flows
0,0,0.7393,0.6922,0.8549,3,3,"[[0.00429844, 0.00920151, 0.00425887, 0.02320818], [0.00192449, 0.00759977, 0.0024785, 0.03621001], [0.0015741, 0.00791496, 0.00359845, 0.04859347], [0.0015825, 0.00200572, 0.0033775, 0.05787832], [0.00174188, 0.00770257, 0.00386861, 0.06933759], [0.00093321, 0.00530853, 0.00265067, 0.07696258], [0.00041665, 0.00299482, 0.00377535, 0.0828703], [0.00177526, 0.00635047, 0.00299937, 0.09402153], [0.00085041, 0.00472953, 0.00341601, 0.09586403], [0.00308955, 0.00532838, 0.00635114, 0.10184408]]","[[0.00893619, 0.02339145, 0.00037502, 0.02121807], [0.00413129, 0.01925093, 0.00175361, 0.04024024], [0.00395871, 0.01980491, 0.00240326, 0.05568709], [0.0030671, 0.01895518, 0.00235631, 0.06454885], [0.00234909, 0.02426723, 0.0047996, 0.07187135], [0.00192432, 0.02516527, 0.00601134, 0.08163751], [0.00163919, 0.02218675, 0.00419269, 0.09110954], [0.00231221, 0.02167165, 0.0055454, 0.095792], [0.00171888, 0.02128754, 0.00501333, 0.1031055], [0.00167354, 0.02413557, 0.00710988, 0.10181262]]"
1,1,0.722,0.6734,0.8492,1,2,"[[0.04795584, 0.04105827, 0.04023645, 0.06628969], [0.05012552, 0.05888429, 0.06002951, 0.07014498], [0.04937438, 0.06376639, 0.0738165, 0.0614094], [0.03468511, 0.07982903, 0.09494963, 0.04863935], [0.03285665, 0.0845391, 0.10186079, 0.03676042], [0.02949196, 0.08040114, 0.09986932, 0.03018718], [0.02619872, 0.08620856, 0.10491319, 0.02834753], [0.0274051, 0.08981089, 0.10621158, 0.01819574], [0.02907482, 0.09344814, 0.1075755, 0.02181604], [0.01897809, 0.04103517, 0.05773094, 0.00922673]]","[[0.01501692, 0.04324989, 0.04341679, 0.01136437], [0.01531882, 0.05744927, 0.07013017, 0.01638332], [0.01642283, 0.07056934, 0.08258604, 0.02692867], [0.03462211, 0.09802702, 0.11232659, 0.0437428], [0.05932704, 0.12934898, 0.1485308, 0.06380679], [0.09714749, 0.16565477, 0.16433385, 0.08713008], [0.12365377, 0.1970682, 0.19902413, 0.10147549], [0.15159171, 0.223736, 0.22077043, 0.10339385], [0.18714076, 0.25037797, 0.24516328, 0.1041894], [0.20495972, 0.27488342, 0.26779303, 0.05748295]]"
2,2,0.7421,0.6933,0.8448,3,3,"[[0.00201137, 0.00712883, 0.00506778, 0.02548323], [0.00156862, 0.00668139, 0.0035375, 0.04619505], [0.00174119, 0.01003488, 0.00284675, 0.05605347], [0.00403029, 0.01563133, 0.00349715, 0.06952832], [0.00012569, 0.00567232, 0.00288316, 0.07620855], [0.00070538, 0.00594302, 0.00351729, 0.08306615], [0.00139005, 0.00312773, 0.00357807, 0.09567642], [0.00206082, 0.00273969, 0.00365992, 0.10621072], [0.00105746, 0.00124351, 0.00328988, 0.11031993], [0.00061171, 0.00494467, 0.00394248, 0.12261189]]","[[0.00495067, 0.02094617, 0.00037822, 0.02113386], [0.00266954, 0.01948991, 0.00053611, 0.03487737], [0.00365191, 0.01946429, 0.00128369, 0.04789798], [0.00287215, 0.02020375, 0.00412613, 0.05772509], [0.00210808, 0.01799318, 0.00175256, 0.06678711], [0.001353, 0.01714723, 0.00176278, 0.07337518], [0.00125847, 0.0197277, 0.00177889, 0.07935566], [0.00156572, 0.02052774, 0.00421386, 0.0823388], [0.0010721, 0.01676463, 0.00388455, 0.08816812], [0.00180865, 0.02069444, 0.00836345, 0.09015847]]"
3,3,0.7366,0.6888,0.8518,1,2,"[[0.04549233, 0.01340279, 0.02534088, 0.06513058], [0.05648739, 0.04650307, 0.06534559, 0.09724819], [0.06031651, 0.06484618, 0.08592969, 0.09116594], [0.04951945, 0.07515737, 0.09371832, 0.07464093], [0.04933451, 0.08602314, 0.10331262, 0.07210559], [0.0504695, 0.09700921, 0.11379742, 0.06227708], [0.0525598, 0.10170045, 0.11584741, 0.04961069], [0.06166096, 0.11182245, 0.1240788, 0.0412267], [0.05027823, 0.09109667, 0.10205274, 0.02734593], [0.03493811, 0.05091247, 0.06163454, 0.01938561]]","[[0.00474825, 0.06971235, 0.05280907, 0.02931227], [0.00839186, 0.09845672, 0.07772733, 0.03616995], [0.01117039, 0.11956646, 0.09521402, 0.03527395], [0.01831401, 0.13544836, 0.10926766, 0.03413521], [0.04512493, 0.15271345, 0.1187091, 0.03513595], [0.07215198, 0.16905772, 0.13703056, 0.06102986], [0.10260159, 0.18808851, 0.15839191, 0.07337472], [0.12947714, 0.19609445, 0.17174836, 0.0930277], [0.15596432, 0.20696098, 0.18368928, 0.10567558], [0.1683146, 0.22077043, 0.19174722, 0.04028055]]"
4,4,0.7441,0.691,0.8443,3,3,"[[0.00213848, 0.00523596, 0.00529205, 0.02405249], [0.00133806, 0.00517109, 0.00357807, 0.03797737], [0.000589080202, 7.38504677e-05, 0.0032212239, 0.0457873638], [0.00025869, 0.00589587, 0.00290145, 0.06032768], [0.0008741, 0.00143024, 0.00374071, 0.06459945], [0.00034256, 0.00206229, 0.00411689, 0.07353044], [0.00079758, 0.0026717, 0.00308744, 0.07984369], [0.00062479, 0.00299136, 0.00276734, 0.08702664], [0.00140983, 0.00482523, 0.00415939, 0.09471734], [0.00035581, 0.00632571, 0.00668954, 0.10305391]]","[[0.00875449, 0.02276579, 0.00227885, 0.01812941], [0.00121269, 0.02364457, 0.00107505, 0.0329165], [0.0014889, 0.01767203, 0.00072043, 0.04549233], [0.00149861, 0.01728374, 0.00102005, 0.05388563], [0.00169986, 0.01793989, 0.00206718, 0.06504203], [0.00090015, 0.01953585, 0.00325307, 0.07453915], [0.00065773, 0.02126407, 0.00463945, 0.07710803], [0.00049303, 0.01768425, 0.00201507, 0.08630436], [0.00082108, 0.02046246, 0.00492797, 0.09324215], [0.00036197, 0.02010338, 0.00345151, 0.09638139]]"
5,5,0.7524,0.7024,0.847,2,1,"[[0.04697735, 0.04774895, 0.03920782, 0.06800629], [0.06760095, 0.0989407, 0.06838344, 0.11321044], [0.08675455, 0.13878211, 0.08194156, 0.1590975], [0.11680868, 0.18245264, 0.10981355, 0.1941988], [0.13214861, 0.20635014, 0.12856207, 0.22401848], [0.16057715, 0.23866219, 0.141292, 0.23124949], [0.18157663, 0.26183922, 0.15560855, 0.22390138], [0.20830705, 0.28561044, 0.17206646, 0.21629335], [0.23123873, 0.31593526, 0.20507425, 0.19532581], [0.10822519, 0.26690844, 0.18306761, 0.04531485]]","[[0.01988546, 0.05820898, 0.05734977, 0.02111885], [0.01117261, 0.04879327, 0.10704314, 0.01106733], [0.01780862, 0.04273858, 0.14224315, 0.0155589], [0.03379538, 0.04917447, 0.18135718, 0.02259953], [0.05890526, 0.05550579, 0.21286341, 0.03009538], [0.08692326, 0.06137345, 0.24944186, 0.03142944], [0.12030402, 0.06900514, 0.27667411, 0.03462211], [0.15117226, 0.08064119, 0.30083533, 0.03877383], [0.18027473, 0.09638139, 0.3271956, 0.0437428], [0.2099551, 0.11883137, 0.32475946, 0.03060203]]"
6,6,0.7346,0.6828,0.845,3,3,"[[0.00549737, 0.01670719, 0.00395371, 0.03025192], [0.00274272, 0.00812853, 0.00236062, 0.0452717], [0.00114162, 0.00909261, 0.00190661, 0.05659404], [0.00222875, 0.00614092, 0.00140142, 0.06295959], [0.00046644, 0.00726307, 0.0013843, 0.07605221], [0.00052634, 0.00488362, 0.00149636, 0.08210945], [0.00127166, 0.0067708, 0.00159237, 0.08992797], [0.00165461, 0.00459525, 0.00122533, 0.09817771], [0.00103011, 0.00453662, 0.00112879, 0.10528729], [0.00067928, 0.00692203, 0.00141632, 0.11019417]]","[[0.00277928, 0.02216339, 0.00124815, 0.02441266], [0.00150654, 0.02092755, 0.00073739, 0.04626878], [0.00206714, 0.01985315, 0.00138579, 0.05641088], [0.00059196, 0.01810689, 0.00102823, 0.06591861], [0.00081944, 0.0172149, 0.00342467, 0.0748945], [0.00097663, 0.01869351, 0.00109215, 0.08284167], [0.00090249, 0.01964335, 0.00415192, 0.08994784], [0.0005522, 0.0239513, 0.00437581, 0.09068618], [0.00058456, 0.02475947, 0.00630703, 0.09946535], [0.00063787, 0.0223549, 0.00532628, 0.1037344]]"
7,7,0.7457,0.6892,0.8409,2,1,"[[0.04712721, 0.05502803, 0.03928359, 0.07283536], [0.06263408, 0.10061164, 0.05751029, 0.11331596], [0.0885129, 0.13549033, 0.0656645, 0.15456631], [0.09551094, 0.16236797, 0.07258728, 0.1688731], [0.12008651, 0.18836367, 0.07199757, 0.20346113], [0.13837447, 0.21265186, 0.09147878, 0.22230501], [0.16757527, 0.24672364, 0.12163786, 0.23427807], [0.17552326, 0.27567605, 0.13545224, 0.236195], [0.19094696, 0.29519202, 0.15639023, 0.22938099], [0.10226121, 0.27388989, 0.0999421, 0.05356275]]","[[0.02080086, 0.06341792, 0.06906642, 0.0298113], [0.0078438, 0.03271387, 0.10971082, 0.0141825], [0.01500999, 0.03234797, 0.15809992, 0.01678348], [0.03591406, 0.02906507, 0.19437469, 0.02794207], [0.07534176, 0.02938192, 0.23152154, 0.02920756], [0.11693139, 0.02864818, 0.26448473, 0.0373633], [0.14639082, 0.03053061, 0.29436339, 0.04422329], [0.17797474, 0.03443041, 0.31795804, 0.05385096], [0.21400176, 0.04521233, 0.33592991, 0.06539715], [0.22161885, 0.04833496, 0.34596846, 0.03716626]]"
8,8,0.7416,0.6916,0.848,3,3,"[[0.00388388, 0.00543385, 0.0033973, 0.0214806], [0.00106567, 0.00398044, 0.00239458, 0.03221666], [0.00120118, 0.00589533, 0.00251247, 0.04131111], [9.04877248e-05, 0.00407537014, 0.00216732098, 0.0477891646], [0.00195917, 0.00244334, 0.00221506, 0.0564482], [0.00053167, 0.00419571, 0.0029382, 0.06529679], [0.0010369, 0.00361808, 0.00371795, 0.06933376], [0.00075066, 0.00280487, 0.00408116, 0.07267561], [0.00129297, 0.00363999, 0.00444588, 0.07543505], [0.00030016, 0.00379855, 0.0057885, 0.08182315]]","[[0.00410076, 0.02145823, 0.00135053, 0.01673079], [0.002708, 0.02038467, 0.00089393, 0.03754888], [0.00213755, 0.02559683, 0.00097314, 0.05855292], [0.00254646, 0.02426489, 0.00269776, 0.0739883], [0.00106212, 0.02248825, 0.00215166, 0.08176964], [0.00131212, 0.02568542, 0.00216322, 0.09601042], [0.00168736, 0.02469178, 0.00413768, 0.10949936], [0.00118534, 0.02537256, 0.00441353, 0.11834269], [0.00137246, 0.02463386, 0.00559199, 0.12478156], [0.00139329, 0.0298196, 0.00626177, 0.13387632]]"
9,9,0.7308,0.6783,0.8467,1,2,"[[0.0511593, 0.02363866, 0.03347268, 0.06238723], [0.05625213, 0.05145869, 0.06520693, 0.09848616], [0.05714006, 0.06008428, 0.0765529, 0.08459101], [0.05176631, 0.07123699, 0.0871794, 0.06306068], [0.04987142, 0.06634013, 0.08126043, 0.05139884], [0.04931775, 0.07106461, 0.08570144, 0.04406693], [0.04593306, 0.07057912, 0.08418067, 0.03334405], [0.0404887, 0.06713666, 0.0771501, 0.02228913], [0.04761638, 0.07001123, 0.07808395, 0.02540841], [0.03527227, 0.05030612, 0.05944657, 0.00843117]]","[[0.00131425, 0.05857149, 0.04910194, 0.01889948], [0.00377391, 0.09540118, 0.07954309, 0.02277953], [0.00721011, 0.11761173, 0.09716499, 0.02257633], [0.02084959, 0.14495828, 0.1093915, 0.02963737], [0.03890958, 0.17400907, 0.13531697, 0.0525281], [0.0614595, 0.19142745, 0.1663912, 0.06782142], [0.0925996, 0.20313524, 0.17904219, 0.09079192], [0.130119, 0.22884947, 0.2014849, 0.11149794], [0.16448033, 0.23331327, 0.21082871, 0.11785511], [0.18856342, 0.24944186, 0.22391118, 0.05517976]]"
10,10,0.7479,0.6886,0.8441,3,3,"[[0.00365992, 0.00474206, 0.00304984, 0.02336759], [0.00124747, 0.00563832, 0.00187704, 0.03604343], [0.00244114, 0.00342123, 0.00176106, 0.04718949], [0.00066358, 0.00098633, 0.00174239, 0.05630015], [0.00091979, 0.00101212, 0.00266372, 0.07008871], [0.00085748, 0.00274438, 0.00327978, 0.07380534], [0.00071313, 0.00277647, 0.00260097, 0.08590321], [0.00142889, 0.00370186, 0.00420463, 0.09421044], [0.00098708, 0.00348919, 0.00389987, 0.10170029], [0.00130665, 0.00522791, 0.00339646, 0.11303951]]","[[0.01074807, 0.02349599, 0.00154647, 0.02180054], [0.00245019, 0.01846479, 0.0009069, 0.04075196], [0.00429577, 0.0191573, 0.00309297, 0.06008473], [0.00296377, 0.02297833, 0.00149031, 0.07149398], [0.00208479, 0.02047203, 0.00289717, 0.08079363], [0.00162312, 0.02074235, 0.0034638, 0.08405519], [0.00201158, 0.01959275, 0.00268076, 0.09104502], [0.00176541, 0.01833707, 0.00416493, 0.09685715], [0.00201104, 0.01794755, 0.00389284, 0.1026271], [0.00243491, 0.02086976, 0.00589946, 0.10903195]]"
11,11,0.7589,0.7021,0.8434,2,1,"[[0.04081582, 0.04753082, 0.04035184, 0.06918755], [0.07687305, 0.08757736, 0.06099195, 0.11285253], [0.09838916, 0.13142421, 0.08046435, 0.14836906], [0.12412879, 0.1560572, 0.09642448, 0.18309737], [0.15707428, 0.17267573, 0.11442773, 0.20392878], [0.1725332, 0.20724546, 0.12878616, 0.22161708], [0.20540879, 0.23099539, 0.16290985, 0.22408014], [0.23580197, 0.24962059, 0.19892959, 0.22053468], [0.24338234, 0.27024566, 0.21114032, 0.19820967], [0.10173157, 0.23300714, 0.16385657, 0.02968691]]","[[0.01366734, 0.07058418, 0.0645004, 0.02444743], [0.01713099, 0.05050832, 0.10946989, 0.01208029], [0.03957321, 0.05309119, 0.15228709, 0.03351913], [0.07012944, 0.06592177, 0.19174722, 0.05340917], [0.10537759, 0.0701472, 0.23241637, 0.07196107], [0.14480512, 0.07879575, 0.26197201, 0.07003309], [0.17303309, 0.08285384, 0.30252016, 0.06616802], [0.19229476, 0.09227921, 0.32630835, 0.0663182], [0.20593269, 0.10282762, 0.34943608, 0.05972473], [0.22845469, 0.1179769, 0.34735272, 0.05055754]]"
12,12,0.7323,0.6796,0.8449,3,3,"[[0.00169046, 0.01013601, 0.00524264, 0.02365733], [0.00411469, 0.00592683, 0.00345704, 0.03894117], [0.00167519, 0.00765603, 0.0043034, 0.05678017], [0.00117545, 0.00756638, 0.00343707, 0.06559998], [4.17987152e-05, 0.00423258369, 0.00421458228, 0.0739697995], [0.00061145, 0.00277004, 0.00363937, 0.08664987], [0.00262744, 0.00787339, 0.0038054, 0.09813724], [0.00068936, 0.00667772, 0.00357894, 0.10618374], [0.00155219, 0.00590029, 0.00371151, 0.11446437], [0.00108997, 0.00687244, 0.00492719, 0.12239886]]","[[0.003354, 0.02263935, 0.00067228, 0.01785063], [0.00135975, 0.01419273, 0.00072981, 0.02502674], [0.00164345, 0.02111407, 0.00143559, 0.04259986], [0.00138304, 0.01903836, 0.00167168, 0.05344974], [0.00159159, 0.02026319, 0.0007973, 0.06634052], [0.00068876, 0.01941952, 0.00268977, 0.07371588], [0.00117693, 0.02285595, 0.0028162, 0.08304327], [0.00056613, 0.02362981, 0.00241544, 0.08486942], [0.00166961, 0.02603875, 0.00315141, 0.09139599], [0.00099397, 0.02348947, 0.00391814, 0.09703785]]"
13,13,0.7776,0.7137,0.8493,2,0,"[[0.04977818, 0.01874913, 0.02038406, 0.06863261], [0.08088839, 0.038513, 0.04110878, 0.11038961], [0.10468611, 0.06026098, 0.05937633, 0.14626465], [0.12795501, 0.0838998, 0.08206398, 0.17946345], [0.14744619, 0.1078877, 0.10902838, 0.19447773], [0.17010394, 0.12729993, 0.13385451, 0.21937903], [0.18894103, 0.15206275, 0.15066667, 0.22705777], [0.20699598, 0.16926073, 0.17634317, 0.23535054], [0.21359151, 0.19290359, 0.19336883, 0.22636732], [0.17243655, 0.11230821, 0.15858577, 0.04959051]]","[[0.0021309, 0.0608045, 0.05723119, 0.00736341], [0.0126466, 0.06539723, 0.0970899, 0.01802096], [0.01570735, 0.06637928, 0.13637341, 0.02495432], [0.02987425, 0.06575345, 0.1684406, 0.02597764], [0.04948225, 0.06637928, 0.19314128, 0.02754599], [0.08070562, 0.07995574, 0.22427783, 0.04770783], [0.12374544, 0.0904206, 0.24834617, 0.06762128], [0.15561757, 0.09791685, 0.27105173, 0.07756402], [0.1859898, 0.12228298, 0.28946733, 0.07789778], [0.20980534, 0.11161612, 0.30339137, 0.04806265]]"
14,14,0.7462,0.692,0.8484,3,3,"[[0.0051297, 0.01131083, 0.00487953, 0.02392946], [0.00077252, 0.00865836, 0.00443764, 0.03784764], [0.00075299, 0.00597206, 0.00497508, 0.04681627], [0.00093626, 0.00839919, 0.00384748, 0.05745749], [0.00130499, 0.00891878, 0.00342856, 0.062987], [0.00232203, 0.00532056, 0.00392946, 0.06772896], [0.0008679, 0.00381747, 0.00363937, 0.07667673], [0.00241244, 0.00999453, 0.00345704, 0.08402979], [0.00099892, 0.00492983, 0.00263319, 0.08142272], [0.00054862, 0.00235516, 0.00355775, 0.08546048]]","[[0.00864327, 0.02249416, 0.00105215, 0.02757323], [0.00393964, 0.02303373, 0.00074805, 0.05042123], [0.00371107, 0.02096613, 0.00133418, 0.06466482], [0.00257023, 0.02288681, 0.00224893, 0.07997747], [0.00258283, 0.02225648, 0.00271423, 0.08621316], [0.00216354, 0.02415759, 0.00353974, 0.09891082], [0.00160218, 0.02363098, 0.00608191, 0.11102592], [0.00168504, 0.02462219, 0.00333607, 0.11956646], [0.00183842, 0.02077884, 0.00378433, 0.12858147], [0.00205149, 0.0280144, 0.00527683, 0.12781648]]"
15,15,0.7408,0.6856,0.8482,2,1,"[[0.03266757, 0.04905992, 0.02270875, 0.06210805], [0.00199512, 0.08870114, 0.04006792, 0.10922353], [0.02308137, 0.11025712, 0.05031364, 0.13006253], [0.05773263, 0.1613022, 0.08369757, 0.16468639], [0.10215035, 0.18828297, 0.0981853, 0.18431189], [0.13218471, 0.22773244, 0.12809642, 0.19274245], [0.17084879, 0.2605472, 0.1539728, 0.20724949], [0.20462729, 0.28373596, 0.16636695, 0.2059528], [0.24331705, 0.31724633, 0.2093454, 0.20001844], [0.26935871, 0.28967693, 0.19830176, 0.05875451]]","[[0.03703082, 0.04256337, 0.05314561, 0.02525645], [0.00117527, 0.01840667, 0.10199697, 0.01526858], [0.00807584, 0.0300697, 0.14982072, 0.02269889], [0.02812224, 0.05340226, 0.18455993, 0.0465088], [0.0487592, 0.0810558, 0.22061023, 0.0706518], [0.05982221, 0.11013832, 0.2508761, 0.07702362], [0.06863122, 0.1307955, 0.27930587, 0.08261691], [0.0914361, 0.16084726, 0.29730364, 0.0936985], [0.10347886, 0.19191732, 0.3276538, 0.09089627], [0.10163527, 0.20881677, 0.31456081, 0.05818931]]"
16,16,0.8072,0.7452,0.8456,0,1,"[[0.05868798, 0.06854859, 0.03291043, 0.05733377], [0.0484009, 0.11919861, 0.02781751, 0.12212855], [0.05651509, 0.1637487, 0.03296037, 0.17036406], [0.06829725, 0.20931023, 0.04354039, 0.21597347], [0.06632274, 0.24276483, 0.04141098, 0.24383739], [0.06584732, 0.27298233, 0.040911, 0.26630098], [0.06437327, 0.29457076, 0.04047743, 0.28054989], [0.06754307, 0.32763982, 0.04335581, 0.29908078], [0.06824861, 0.35386192, 0.04311975, 0.30321402], [0.09296649, 0.37483499, 0.06749471, 0.2178678]]","[[0.06760851, 0.03876369, 0.0740902, 0.05290422], [0.10356332, 0.05104753, 0.1168334, 0.04228038], [0.14917249, 0.0651682, 0.16399023, 0.0491691], [0.17655629, 0.05922301, 0.18506143, 0.05437974], [0.2010184, 0.05701504, 0.23084826, 0.0466481], [0.22778736, 0.05681456, 0.26761748, 0.05153829], [0.23458597, 0.04284542, 0.30362107, 0.04320609], [0.23422121, 0.03618451, 0.31409696, 0.03546483], [0.22905922, 0.02507545, 0.33986729, 0.03044518], [0.22353217, 0.06195932, 0.18648525, 0.08231188]]"
17,17,0.7134,0.6646,0.8426,2,2,"[[0.02085222, 0.02070461, 0.02170325, 0.02338142], [0.03569048, 0.03482134, 0.02966221, 0.03677309], [0.03940014, 0.05254218, 0.04345069, 0.0427859], [0.03014518, 0.05644366, 0.05056806, 0.03611783], [0.03356028, 0.07184235, 0.05521492, 0.04548487], [0.02418029, 0.07399797, 0.0622428, 0.04499872], [0.02081875, 0.07595836, 0.06560784, 0.03761128], [0.0249639, 0.07998622, 0.0780679, 0.04414149], [0.02323403, 0.09200135, 0.08488129, 0.04268086], [0.01215007, 0.07357758, 0.07669336, 0.04476492]]","[[0.02765996, 0.05388563, 0.02356843, 0.01731039], [0.0355624, 0.07224565, 0.05516148, 0.03379538], [0.03482465, 0.10203771, 0.07264109, 0.03870604], [0.03487854, 0.11471253, 0.09410259, 0.04202864], [0.03911367, 0.12960537, 0.10973347, 0.04727731], [0.04048831, 0.14936213, 0.1280712, 0.05469259], [0.04000441, 0.1615649, 0.14550474, 0.06085845], [0.04825901, 0.17461478, 0.15582218, 0.07159129], [0.04803154, 0.1753736, 0.1714482, 0.07441781], [0.03807592, 0.17491808, 0.18269474, 0.08253975]]"
18,18,0.7639,0.7041,0.8432,0,1,"[[0.03520884, 0.05279366, 0.03301816, 0.06938006], [0.02698045, 0.09913243, 0.0324935, 0.10397874], [0.03632005, 0.14974478, 0.03451086, 0.14891129], [0.03962238, 0.18983324, 0.03233892, 0.18413851], [0.05487954, 0.22059672, 0.04488346, 0.21163259], [0.05386356, 0.25263986, 0.04388363, 0.22281285], [0.06078529, 0.28736786, 0.04847181, 0.23226521], [0.06085869, 0.31297236, 0.04938759, 0.23332977], [0.06625434, 0.33910261, 0.05090074, 0.23852103], [0.11548696, 0.35749839, 0.08172023, 0.19183465]]","[[0.06349046, 0.033748, 0.0625293, 0.04460354], [0.11817826, 0.02476625, 0.11454399, 0.03762289], [0.15021219, 0.02279752, 0.15784672, 0.02870613], [0.20109534, 0.03691222, 0.19553489, 0.02957213], [0.23256, 0.03978302, 0.2295204, 0.03337447], [0.26091577, 0.04145337, 0.26130051, 0.03477688], [0.26734914, 0.03605967, 0.28527725, 0.03043651], [0.2759545, 0.03532987, 0.31566215, 0.02782863], [0.28049486, 0.03551626, 0.33439158, 0.03254504], [0.23812201, 0.0562823, 0.20545411, 0.09884944]]"
19,19,0.7345,0.6851,0.8552,1,2,"[[0.03593345, 0.03075018, 0.02008874, 0.03306346], [0.04780879, 0.03834858, 0.03998328, 0.03732438], [0.05832204, 0.06115186, 0.05925376, 0.04932048], [0.06453349, 0.07399919, 0.08045877, 0.06315045], [0.09210379, 0.09285284, 0.10103039, 0.07850934], [0.1000447, 0.09886444, 0.11495764, 0.08586213], [0.10036729, 0.10846717, 0.12795538, 0.09839605], [0.11865046, 0.13001178, 0.13110361, 0.11551901], [0.11586354, 0.1408267, 0.15685812, 0.11376626], [0.02154155, 0.12055597, 0.16121455, 0.08404585]]","[[0.03261773, 0.05616084, 0.01927222, 0.02084959], [0.04092872, 0.06983095, 0.05835411, 0.0286414], [0.04754895, 0.09991018, 0.06611866, 0.0398667], [0.04835877, 0.11399389, 0.07908601, 0.04909784], [0.05389527, 0.12768922, 0.1020742, 0.05640751], [0.05359571, 0.13623819, 0.10854483, 0.0668282], [0.05952753, 0.13995771, 0.12576055, 0.07187135], [0.06522203, 0.14908473, 0.13417092, 0.07935566], [0.06478843, 0.14922339, 0.1368549, 0.08507363], [0.04184815, 0.17165812, 0.13288629, 0.10134666]]"
20,20,0.793,0.7277,0.8477,2,1,"[[0.06055741, 0.04692224, 0.02360566, 0.0656643], [0.04240446, 0.09611575, 0.04214947, 0.10510263], [0.04530803, 0.12326911, 0.04179654, 0.13027504], [0.03908376, 0.16558095, 0.05509687, 0.14618943], [0.04105187, 0.19967695, 0.05404619, 0.15997396], [0.03531446, 0.22367573, 0.05685242, 0.17888846], [0.03460675, 0.25629885, 0.0565294, 0.19347415], [0.03694358, 0.27786467, 0.06729173, 0.21209789], [0.02946035, 0.30050204, 0.07115798, 0.22436673], [0.02389812, 0.26601966, 0.03890555, 0.20297765]]","[[0.03780775, 0.01246823, 0.05426571, 0.03290098], [0.06634717, 0.020008, 0.11192265, 0.02931837], [0.10654222, 0.03315989, 0.1382726, 0.04498588], [0.14334814, 0.04516755, 0.16889967, 0.05856401], [0.17166244, 0.05244223, 0.20507206, 0.06447395], [0.19063866, 0.05098104, 0.24060506, 0.06133186], [0.19959385, 0.05397308, 0.26825339, 0.05078022], [0.20893387, 0.04987289, 0.30244398, 0.04357414], [0.20535936, 0.03403472, 0.31503942, 0.03619458], [0.18625963, 0.03976954, 0.19689534, 0.0446079]]"
21,21,0.8072,0.7414,0.8482,3,2,"[[0.04879854, 0.03392113, 0.04971259, 0.03231778], [0.06447442, 0.03861941, 0.10694201, 0.04090145], [0.07507845, 0.10685793, 0.14754565, 0.11238839], [0.0929935, 0.13488463, 0.1909666, 0.14304881], [0.11449884, 0.15579646, 0.22725514, 0.16615001], [0.13031518, 0.18775976, 0.2667563, 0.19896307], [0.13998421, 0.21576094, 0.28461384, 0.22927503], [0.16739389, 0.24064724, 0.32694222, 0.25638848], [0.17702538, 0.25264676, 0.33774045, 0.26953056], [0.04437399, 0.05262867, 0.32650762, 0.04414539]]","[[0.04960168, 0.06484247, 0.02719998, 0.05887858], [0.10754894, 0.10161289, 0.06852255, 0.10082766], [0.14460274, 0.15173168, 0.08341267, 0.14707085], [0.13968058, 0.19577049, 0.06677181, 0.17891886], [0.15149795, 0.23295426, 0.06747332, 0.21211993], [0.1570758, 0.26177934, 0.06866171, 0.24796383], [0.16462391, 0.29049699, 0.07034715, 0.27992684], [0.17340385, 0.31469998, 0.07625707, 0.30041435], [0.17141286, 0.34020519, 0.06960986, 0.32738232], [0.09849386, 0.26928229, 0.09657492, 0.33838368]]"
22,22,0.8006,0.7399,0.8507,0,1,"[[0.03293705, 0.05543451, 0.02817462, 0.066528], [0.02418621, 0.10969478, 0.02862147, 0.12422173], [0.03044854, 0.15654421, 0.03423759, 0.16825351], [0.02226296, 0.19496794, 0.03211643, 0.20501841], [0.02293156, 0.22689134, 0.02594051, 0.23607381], [0.01081402, 0.25617518, 0.01523498, 0.25521836], [0.01724071, 0.28265628, 0.02150456, 0.26348964], [0.01212802, 0.30703617, 0.01852583, 0.28954349], [0.01467969, 0.34376399, 0.01322031, 0.29663742], [0.08969984, 0.34504769, 0.06154071, 0.21100848]]","[[0.06391243, 0.013231, 0.06541721, 0.0155834], [0.1147302, 0.02239096, 0.11292282, 0.02263283], [0.15950163, 0.02697402, 0.15473123, 0.02770196], [0.19591506, 0.02224573, 0.19560894, 0.02582077], [0.21615998, 0.02675317, 0.22386616, 0.0243863], [0.23566207, 0.0262082, 0.25803966, 0.01842886], [0.24401318, 0.02628578, 0.29255256, 0.0177969], [0.24760333, 0.03050765, 0.32036866, 0.01811285], [0.23255453, 0.02417463, 0.33636286, 0.01762749], [0.19954693, 0.02500502, 0.17527282, 0.05824852]]"
23,23,0.7227,0.6801,0.8498,1,2,"[[0.01602106, 0.01757638, 0.03238878, 0.01916093], [0.02613195, 0.03107924, 0.03285319, 0.03280374], [0.02836084, 0.05062397, 0.05156225, 0.04260978], [0.0265539, 0.05988221, 0.06308477, 0.0418117], [0.02991316, 0.07094828, 0.06388971, 0.04058388], [0.02967498, 0.08300888, 0.07235101, 0.04289052], [0.02975785, 0.08069768, 0.07263335, 0.03990062], [0.0319087, 0.0910117, 0.08645546, 0.04351957], [0.03451407, 0.09403324, 0.0877646, 0.04504898], [0.01315484, 0.06976472, 0.07792959, 0.03749768]]","[[0.03727461, 0.05158066, 0.01669095, 0.0213467], [0.05222292, 0.07112581, 0.04400633, 0.03462211], [0.04826401, 0.09453439, 0.05210937, 0.0437428], [0.04323919, 0.09518409, 0.06791209, 0.04238284], [0.05221129, 0.1215388, 0.08314417, 0.04608338], [0.05009883, 0.13479211, 0.1002445, 0.04994415], [0.0578994, 0.15796197, 0.11822069, 0.0494816], [0.05221129, 0.16757334, 0.13756022, 0.05221129], [0.04727731, 0.16935548, 0.14894614, 0.04690251], [0.03704571, 0.1773582, 0.1748087, 0.05380528]]"
24,24,0.8048,0.7409,0.8527,0,1,"[[0.02963088, 0.063976, 0.02463826, 0.06521301], [0.07507742, 0.12302965, 0.06562033, 0.1193399], [0.06859423, 0.15824852, 0.05572719, 0.15787321], [0.05894725, 0.19302939, 0.04533019, 0.18853129], [0.05037062, 0.22251203, 0.03594321, 0.21721436], [0.05016752, 0.25870845, 0.03298488, 0.23195605], [0.04907183, 0.28512738, 0.03027268, 0.2582451], [0.05269254, 0.31340387, 0.03081699, 0.26984429], [0.05809316, 0.34412856, 0.03156097, 0.27710621], [0.08243678, 0.35099014, 0.07696067, 0.22037132]]","[[0.07212936, 0.01911893, 0.0717756, 0.02100199], [0.12766496, 0.0441408, 0.12052616, 0.04618526], [0.17069347, 0.04109375, 0.16462122, 0.04124342], [0.20446015, 0.05033904, 0.19335071, 0.04555646], [0.23096302, 0.04651518, 0.24127334, 0.03909044], [0.23777566, 0.03945811, 0.27087672, 0.03746476], [0.23547198, 0.03365998, 0.3014641, 0.0304683], [0.22924897, 0.02886062, 0.32132327, 0.03353567], [0.21730811, 0.03247853, 0.34458443, 0.03769307], [0.21856195, 0.06734016, 0.1745848, 0.09314775]]"
25,25,0.8082,0.7567,0.8485,3,2,"[[0.04377272, 0.03835755, 0.05297038, 0.03961471], [0.07547948, 0.06838688, 0.10590524, 0.07084868], [0.09779825, 0.12054665, 0.15710408, 0.12395042], [0.11248023, 0.16136973, 0.19142745, 0.16502505], [0.11692427, 0.18725666, 0.22506255, 0.19362251], [0.12909352, 0.21317175, 0.25298209, 0.21975184], [0.13572064, 0.23539831, 0.28594082, 0.24361568], [0.1436037, 0.25456426, 0.30031049, 0.26392713], [0.14523346, 0.26759817, 0.31752247, 0.27691598], [0.03091978, 0.03656701, 0.32232232, 0.04142284]]","[[0.05000834, 0.06240657, 0.03415408, 0.06042589], [0.09868944, 0.11090806, 0.06719113, 0.10556083], [0.13291308, 0.15393005, 0.08325138, 0.14408984], [0.13271201, 0.18765037, 0.0718898, 0.17677499], [0.14216422, 0.22690598, 0.06685281, 0.22111694], [0.14362751, 0.26043308, 0.05991678, 0.25160729], [0.14261099, 0.28509021, 0.05226276, 0.27802838], [0.14565104, 0.31125019, 0.0503815, 0.29910984], [0.13762447, 0.33143177, 0.04112569, 0.32464549], [0.04212817, 0.30377162, 0.0531481, 0.33984947]]"
26,26,0.8159,0.7494,0.8443,0,1,"[[0.02781161, 0.06334601, 0.0250953, 0.06798021], [0.04777072, 0.10788002, 0.04288927, 0.11389659], [0.03991578, 0.14275009, 0.0353598, 0.14948472], [0.03280213, 0.17551917, 0.02849007, 0.17811968], [0.03132999, 0.21425166, 0.02563191, 0.20049778], [0.02637981, 0.24158247, 0.02023931, 0.21596904], [0.02255361, 0.2855534, 0.0155541, 0.22555023], [0.02653297, 0.30905955, 0.01903067, 0.23371325], [0.02549518, 0.33506403, 0.01732153, 0.24132033], [0.05320754, 0.34973435, 0.01926384, 0.11681997]]","[[0.06858619, 0.01227675, 0.06873102, 0.01439888], [0.11750815, 0.01738599, 0.11849046, 0.01923144], [0.16736742, 0.02638177, 0.16448033, 0.02061153], [0.2143333, 0.03116858, 0.20385018, 0.01720401], [0.24502076, 0.03040836, 0.23911279, 0.01940176], [0.25575466, 0.02546933, 0.25271271, 0.01923146], [0.28462956, 0.02668238, 0.29074909, 0.01521772], [0.29546102, 0.03004064, 0.31028318, 0.0177009], [0.3003053, 0.0259986, 0.33302418, 0.01332588], [0.24342797, 0.04126486, 0.19374407, 0.08631554]]"
27,27,0.739,0.6847,0.8445,1,2,"[[0.01838467, 0.00805702, 0.03331736, 0.01092081], [0.03260834, 0.01789132, 0.04945453, 0.00372539], [0.04416194, 0.03466513, 0.06401159, 0.00563437], [0.05110426, 0.05285323, 0.06793702, 0.00285528], [0.05300514, 0.0668019, 0.07896681, 0.00394412], [0.04741601, 0.07503505, 0.08632079, 0.00169618], [0.04874141, 0.0856831, 0.09364698, 0.00156898], [0.04213186, 0.08824375, 0.09502544, 0.0035823], [0.03936966, 0.09036919, 0.09733375, 0.00119657], [0.01668579, 0.08093878, 0.08856979, 0.0016745]]","[[0.03275806, 0.05681989, 0.01961453, 0.01119208], [0.06092607, 0.09079192, 0.05984245, 0.01871145], [0.06997019, 0.11256396, 0.07388239, 0.01857958], [0.05803087, 0.11761173, 0.08580781, 0.01521993], [0.05869608, 0.13782547, 0.10052903, 0.01502208], [0.05288764, 0.13955653, 0.10875157, 0.00852435], [0.04862256, 0.15582218, 0.11825043, 0.00962257], [0.04451019, 0.15925375, 0.12383439, 0.005145], [0.04660696, 0.16229099, 0.1264205, 0.00385762], [0.03172358, 0.17370667, 0.14495869, 0.00327939]]"
28,28,0.803,0.7389,0.8421,0,1,"[[0.05575962, 0.0613251, 0.05407804, 0.0705602], [0.0236736, 0.11108811, 0.01410443, 0.12140793], [0.03590825, 0.15148549, 0.0287225, 0.15290073], [0.04012238, 0.19217204, 0.03254031, 0.18719039], [0.03756401, 0.23789913, 0.03262801, 0.21997246], [0.03640357, 0.27168147, 0.0335824, 0.24717602], [0.02902809, 0.28959593, 0.02436917, 0.25942511], [0.03054747, 0.31977568, 0.02232083, 0.27415545], [0.04176354, 0.3412633, 0.02367798, 0.28959154], [0.04804157, 0.35129501, 0.09237603, 0.25086693]]","[[0.07052097, 0.01186322, 0.06866989, 0.01599228], [0.11325827, 0.02486788, 0.12227779, 0.02414637], [0.15765082, 0.03145384, 0.1692517, 0.03116612], [0.19941994, 0.03992737, 0.20688381, 0.03959934], [0.22808154, 0.04046361, 0.24403278, 0.03816176], [0.24150588, 0.03762121, 0.27460334, 0.03542095], [0.25118686, 0.03456859, 0.30606538, 0.03019837], [0.24535458, 0.02682789, 0.33200298, 0.03394469], [0.23467796, 0.03520167, 0.34158294, 0.04205691], [0.22804864, 0.07076594, 0.21110469, 0.10830943]]"
29,29,0.7223,0.6698,0.8439,2,1,"[[0.01437999, 0.02676747, 0.01834887, 0.02423629], [0.03038358, 0.04046615, 0.01971043, 0.03584243], [0.03477986, 0.05404663, 0.0398699, 0.03448], [0.02746662, 0.0555284, 0.04268524, 0.03398088], [0.0305558, 0.06862143, 0.05639142, 0.03839145], [0.0310282, 0.07678595, 0.05921152, 0.03860852], [0.02640561, 0.07757048, 0.06207035, 0.03252583], [0.02293781, 0.07970188, 0.06686681, 0.03486144], [0.03019625, 0.08747346, 0.07505577, 0.03924785], [0.00994748, 0.06540585, 0.06137069, 0.03335673]]","[[0.02488494, 0.04505163, 0.02806365, 0.01699706], [0.03138034, 0.06328119, 0.06041296, 0.03101254], [0.0437428, 0.08193768, 0.0845636, 0.03809871], [0.04955853, 0.09802702, 0.10996785, 0.03959202], [0.056243, 0.12781648, 0.12730788, 0.05126683], [0.05268687, 0.14427682, 0.1466011, 0.04818313], [0.06068729, 0.16653871, 0.17069912, 0.05575096], [0.06128746, 0.17506985, 0.19126768, 0.06051638], [0.07047681, 0.19222745, 0.20214409, 0.0656643], [0.02487441, 0.20136653, 0.21564151, 0.07566056]]"
30,30,0.7991,0.7335,0.846,0,1,"[[0.00402499, 0.05718351, 0.00569168, 0.06809363], [0.00513128, 0.10305391, 0.00561503, 0.11363549], [0.00771718, 0.1417203, 0.00946113, 0.15746756], [0.01026653, 0.18903902, 0.01033208, 0.19799438], [0.01471756, 0.22796291, 0.01273431, 0.23166514], [0.00910441, 0.26884089, 0.00872107, 0.25541269], [0.00713896, 0.29208844, 0.00563081, 0.26409863], [0.00947227, 0.32498044, 0.00424189, 0.27584367], [0.01294635, 0.34735272, 0.00411397, 0.28310017], [0.08831654, 0.36235207, 0.0331173, 0.16241653]]","[[0.06764026, 0.00144826, 0.06275787, 0.00156702], [0.12578875, 0.00616402, 0.11791863, 0.00603655], [0.1684636, 0.00767248, 0.16122832, 0.00692602], [0.21189542, 0.01874373, 0.19983611, 0.01569023], [0.2372511, 0.01324696, 0.2303919, 0.01052498], [0.26070429, 0.01754024, 0.26710887, 0.01332351], [0.26056641, 0.01215043, 0.287177, 0.00546177], [0.26750574, 0.01725111, 0.31817493, 0.01355024], [0.26168207, 0.01103295, 0.33910952, 0.00921511], [0.2401918, 0.04226038, 0.20490121, 0.0660041]]"
31,31,0.724,0.6794,0.8448,1,2,"[[0.01874464, 0.02432319, 0.02672515, 0.02179174], [0.02696079, 0.035617, 0.03496918, 0.02770396], [0.03069994, 0.04935986, 0.04678362, 0.03251035], [0.02140715, 0.0565224, 0.05954167, 0.02588866], [0.02553467, 0.07075792, 0.06786009, 0.03249114], [0.02541414, 0.07502545, 0.07537523, 0.03045285], [0.02764124, 0.08128419, 0.07604851, 0.03104408], [0.0300485, 0.08105199, 0.07940055, 0.0224277], [0.03145537, 0.09008375, 0.0829089, 0.02431907], [0.01354283, 0.06916138, 0.08330296, 0.02591255]]","[[0.04307242, 0.04771981, 0.02787825, 0.02500689], [0.03592022, 0.06345614, 0.04664134, 0.03254346], [0.03774817, 0.07556458, 0.059911, 0.0324815], [0.03410819, 0.08723359, 0.07060691, 0.0321726], [0.03534111, 0.09638139, 0.07870165, 0.0288159], [0.03438372, 0.11543364, 0.09319565, 0.02999304], [0.03403448, 0.13024758, 0.1066035, 0.03565367], [0.02957831, 0.13875609, 0.11822069, 0.03310383], [0.02952892, 0.14894614, 0.12696778, 0.02647786], [0.03472792, 0.15974334, 0.15300044, 0.03474973]]"
32,32,0.7377,0.6777,0.8464,3,0,"[[0.03663487, 0.03850305, 0.06459945, 0.02277025], [0.08243925, 0.06206364, 0.11161612, 0.03716377], [0.12591496, 0.08163751, 0.1568187, 0.03993552], [0.16594912, 0.10396177, 0.18368928, 0.04238284], [0.20099133, 0.12290503, 0.2219887, 0.03897755], [0.23045048, 0.13865738, 0.24944186, 0.035501], [0.25699087, 0.16281225, 0.26062514, 0.03681332], [0.28350488, 0.18754479, 0.28269582, 0.04049919], [0.29873778, 0.21906022, 0.27747231, 0.05793706], [0.29894711, 0.10475967, 0.23367261, 0.00408376]]","[[0.03553399, 0.03845364, 0.04612323, 0.05821653], [0.02830894, 0.07716488, 0.084414, 0.11325076], [0.0278273, 0.10158855, 0.1094319, 0.15934908], [0.03960122, 0.11351238, 0.11838987, 0.18804306], [0.03262094, 0.10652182, 0.11882309, 0.21735063], [0.03762862, 0.11380922, 0.11583353, 0.24137362], [0.04774583, 0.12022991, 0.1000782, 0.25809536], [0.06415364, 0.13261047, 0.09275095, 0.27208623], [0.07142845, 0.13690777, 0.09898836, 0.28071427], [0.04945756, 0.06152408, 0.04623881, 0.15840001]]"
33,33,0.8053,0.7343,0.851,3,0,"[[0.06718848, 0.05497545, 0.02657589, 0.05159996], [0.11911871, 0.01678628, 0.01332946, 0.01757445], [0.15622779, 0.01193643, 0.00611974, 0.01408272], [0.19719097, 0.01005677, 0.00547517, 0.01526399], [0.22310766, 0.01320831, 0.01436137, 0.02535755], [0.25409164, 0.01476913, 0.02910288, 0.04502203], [0.26653136, 0.01357248, 0.03965489, 0.05493718], [0.28573732, 0.02465513, 0.05921954, 0.07605056], [0.30658745, 0.02515599, 0.07281955, 0.09201917], [0.31232342, 0.0268699, 0.01397003, 0.05558745]]","[[0.00897272, 0.06301275, 0.05094751, 0.06415195], [0.00652959, 0.10973347, 0.10006925, 0.11573138], [0.01168161, 0.15664014, 0.14903308, 0.15266932], [0.0166529, 0.18545188, 0.18545188, 0.19083817], [0.03114598, 0.21841411, 0.21617482, 0.22680127], [0.04943271, 0.23396569, 0.24715553, 0.25014627], [0.06678117, 0.25321594, 0.25189457, 0.26901223], [0.08130835, 0.26501735, 0.25445858, 0.26892271], [0.09073033, 0.27700797, 0.24763059, 0.25860177], [0.11396747, 0.17166184, 0.1408806, 0.23064251]]"
34,34,0.7687,0.7101,0.8508,3,0,"[[0.05690256, 0.04188738, 0.06504203, 0.01831401], [0.11761173, 0.07205837, 0.10694201, 0.02215444], [0.16772145, 0.1054462, 0.15089298, 0.01906192], [0.20612574, 0.14210671, 0.18359568, 0.03556512], [0.22908266, 0.17153248, 0.20617464, 0.04345669], [0.25421647, 0.20463084, 0.23552124, 0.05353434], [0.26917863, 0.22849191, 0.26102176, 0.06301723], [0.2815493, 0.24849028, 0.27810847, 0.07456002], [0.28838993, 0.25140538, 0.29437636, 0.08231231], [0.29936606, 0.13650203, 0.25686355, 0.02852052]]","[[0.02142196, 0.0272349, 0.03724011, 0.05583177], [0.02186964, 0.03595726, 0.05653821, 0.09695371], [0.02767657, 0.04436442, 0.06253283, 0.11417217], [0.02633858, 0.048791, 0.05331263, 0.13281021], [0.03718165, 0.05235029, 0.04941302, 0.14902555], [0.05662516, 0.0629983, 0.04681384, 0.1510702], [0.06135679, 0.06802757, 0.04763833, 0.16038896], [0.07106001, 0.07337871, 0.06019162, 0.15398095], [0.08093917, 0.08194432, 0.05819605, 0.15582218], [0.07189664, 0.06783647, 0.04006147, 0.14343396]]"
35,35,0.8245,0.7555,0.8466,1,0,"[[0.06025075, 0.04747711, 0.05990591, 0.01538894], [0.11493532, 0.0411924, 0.03428617, 0.02807569], [0.15516104, 0.04091354, 0.03763959, 0.03428263], [0.18143418, 0.05306708, 0.05696301, 0.03381193], [0.22306045, 0.06055554, 0.07986923, 0.04216254], [0.24521494, 0.06661355, 0.08968767, 0.04142906], [0.24608608, 0.05800107, 0.07529947, 0.02583091], [0.26479757, 0.0564032, 0.07717193, 0.02412183], [0.27695762, 0.05629538, 0.06675489, 0.02259661], [0.1986631, 0.00171164, 0.0541059, 0.01269676]]","[[0.02584738, 0.06231309, 0.05208213, 0.00847468], [0.01128989, 0.11277358, 0.05855516, 0.00500831], [0.01490311, 0.14880762, 0.09442634, 0.00991852], [0.017308, 0.18525354, 0.12839442, 0.0131999], [0.02390363, 0.22831729, 0.157897, 0.013394], [0.01922751, 0.26043308, 0.17189451, 0.01621918], [0.02071682, 0.28188822, 0.18337734, 0.01841887], [0.02104772, 0.31060597, 0.18967424, 0.01972878], [0.019825, 0.31883036, 0.19593243, 0.02625516], [0.04276188, 0.27956424, 0.09957626, 0.02946035]]"
36,36,0.7554,0.6992,0.845,3,0,"[[0.06170837, 0.01911364, 0.0324887, 0.0221139], [0.07730212, 0.01822159, 0.02302936, 0.01200006], [0.09036936, 0.01426641, 0.02586773, 0.0286414], [0.09902159, 0.01027378, 0.02658958, 0.04424942], [0.10170018, 0.00864451, 0.0286414, 0.06077284], [0.10475967, 0.01022369, 0.02910793, 0.06363133], [0.11208949, 0.01212422, 0.03398525, 0.07672062], [0.11471253, 0.00806387, 0.03552388, 0.08143773], [0.11907613, 0.00984068, 0.037563, 0.09089773], [0.11968921, 0.01187475, 0.03285417, 0.0952926]]","[[0.02553093, 0.01383987, 0.03803934, 0.05983525], [0.02020812, 0.02304474, 0.0627797, 0.05451866], [0.01625553, 0.02792407, 0.06738989, 0.06325124], [0.02258674, 0.02835429, 0.08394099, 0.07346923], [0.03310383, 0.02617352, 0.0900726, 0.07847208], [0.04690251, 0.02638033, 0.1014051, 0.09281352], [0.05773263, 0.03401476, 0.11186822, 0.09627221], [0.06909664, 0.03595164, 0.10762973, 0.10113896], [0.07323138, 0.03133837, 0.10949117, 0.11161525], [0.08529673, 0.02855995, 0.1092108, 0.11471253]]"
37,37,0.8488,0.7696,0.85,1,0,"[[0.0530438, 0.02464006, 0.0174504, 0.06583197], [0.10096063, 0.0475106, 0.03832166, 0.07643074], [0.12603504, 0.0561823, 0.05298522, 0.08983388], [0.15521092, 0.06233744, 0.05162721, 0.10012129], [0.19177918, 0.08426811, 0.0686289, 0.11349953], [0.21964366, 0.09271824, 0.0747601, 0.12478052], [0.23605653, 0.09805354, 0.08995824, 0.13076901], [0.24951445, 0.13033144, 0.10361329, 0.15474589], [0.26895638, 0.15224399, 0.12927003, 0.17429035], [0.25093032, 0.07930512, 0.07866639, 0.14913826]]","[[0.04589462, 0.0652963, 0.06973894, 0.03628581], [0.08032948, 0.13232347, 0.12922322, 0.05617076], [0.11551013, 0.16229451, 0.17919599, 0.09705966], [0.12304386, 0.17720246, 0.20998431, 0.12804921], [0.13583808, 0.21354421, 0.24202972, 0.15796411], [0.12869184, 0.24092959, 0.26681736, 0.1805165], [0.12457696, 0.26177934, 0.2705367, 0.20919224], [0.1202804, 0.28243336, 0.28088076, 0.23413204], [0.11983337, 0.29899669, 0.28492425, 0.24467995], [0.11866961, 0.26039193, 0.15127175, 0.23867568]]"
38,38,0.7443,0.6953,0.8414,3,0,"[[0.06124846, 0.02251262, 0.04427014, 0.02071789], [0.07131181, 0.02681372, 0.03762975, 0.00966121], [0.08900327, 0.0227186, 0.03877383, 0.02928387], [0.10203771, 0.01726545, 0.04519828, 0.04381499], [0.10464548, 0.0158156, 0.04534518, 0.06197715], [0.10752035, 0.01402278, 0.05111029, 0.07394271], [0.11256396, 0.01629174, 0.04871563, 0.08213811], [0.12215878, 0.01322601, 0.04833496, 0.08931754], [0.122656, 0.01690806, 0.06284493, 0.09924334], [0.12858147, 0.01708628, 0.06258393, 0.10786817]]","[[0.0290837, 0.0092991, 0.0314774, 0.05796894], [0.01181896, 0.02814382, 0.05800149, 0.05413409], [0.01905104, 0.02317465, 0.05591669, 0.06845767], [0.02261549, 0.02239345, 0.06392251, 0.06521951], [0.03507151, 0.01654414, 0.06741324, 0.07499004], [0.04295276, 0.01715667, 0.06866229, 0.08415674], [0.05189548, 0.01773535, 0.07580153, 0.08816812], [0.0631065, 0.01626042, 0.07405215, 0.09377943], [0.07262098, 0.01458256, 0.07147961, 0.09780674], [0.07808106, 0.01482616, 0.06987084, 0.10316716]]"
39,39,0.8368,0.7563,0.8429,1,0,"[[0.04400241, 0.01689206, 0.0139918, 0.0522904], [0.08389953, 0.03816837, 0.03588392, 0.07935566], [0.12788281, 0.06231699, 0.0575801, 0.09441994], [0.15380546, 0.05972685, 0.05209746, 0.11217676], [0.19105243, 0.06157618, 0.05820315, 0.12307241], [0.21679485, 0.07752127, 0.06646027, 0.13139718], [0.24581138, 0.09699256, 0.08021692, 0.13990089], [0.25953192, 0.11879989, 0.08046587, 0.14797943], [0.28759633, 0.14076254, 0.09538873, 0.1663245], [0.27390492, 0.07902634, 0.07327211, 0.12965397]]","[[0.04459211, 0.06413741, 0.0680726, 0.03775903], [0.05965538, 0.10068456, 0.09937203, 0.05015891], [0.07945073, 0.13591256, 0.15402187, 0.07506839], [0.10154198, 0.17783686, 0.18888041, 0.10601663], [0.12138109, 0.21599235, 0.2343923, 0.14176983], [0.12054287, 0.24502876, 0.25851726, 0.16809351], [0.11318155, 0.2730011, 0.28108207, 0.17912675], [0.11040991, 0.2990776, 0.28007642, 0.19483101], [0.10794594, 0.30990179, 0.29064657, 0.21121802], [0.09813421, 0.27267341, 0.15134367, 0.21343522]]"
40,40,0.7669,0.7093,0.8452,3,0,"[[0.04795153, 0.0435266, 0.04417419, 0.00956337], [0.07701108, 0.05907379, 0.04007335, 0.00585083], [0.10013299, 0.06197715, 0.04505163, 0.02184975], [0.11688323, 0.06433466, 0.0529255, 0.03890958], [0.13063375, 0.07159129, 0.05372499, 0.05890526], [0.13942295, 0.06593194, 0.05340445, 0.06983095], [0.14454919, 0.05815002, 0.05025376, 0.08889865], [0.14701342, 0.04994415, 0.0498669, 0.10294073], [0.15454617, 0.05739985, 0.05898949, 0.10705754], [0.16170997, 0.05332447, 0.06293206, 0.11919861]]","[[0.01191519, 0.02853458, 0.04055972, 0.07051657], [0.00707896, 0.05108239, 0.07315056, 0.05907379], [0.02692841, 0.06443679, 0.09375516, 0.07928371], [0.02974159, 0.06723109, 0.09824577, 0.08119381], [0.04038462, 0.07259735, 0.10724265, 0.08757864], [0.04454968, 0.07992331, 0.10728069, 0.09086001], [0.04950984, 0.07459413, 0.11279483, 0.0983427], [0.05764862, 0.06743096, 0.11459187, 0.08848009], [0.06163108, 0.06673916, 0.10407483, 0.09758601], [0.06700749, 0.05056166, 0.09302698, 0.09857817]]"
41,41,0.8467,0.7731,0.8464,1,0,"[[0.05653708, 0.02168392, 0.01830514, 0.07088231], [0.09498048, 0.03692673, 0.03811602, 0.1013842], [0.13052888, 0.04471791, 0.05029761, 0.13719396], [0.17050859, 0.06359004, 0.08051176, 0.15102232], [0.20249767, 0.08092627, 0.09629531, 0.15894355], [0.23516465, 0.09692693, 0.12430827, 0.17794394], [0.26466115, 0.1164081, 0.12953661, 0.18751271], [0.28612758, 0.13656051, 0.13761708, 0.19266965], [0.30735353, 0.15489321, 0.14797673, 0.20806144], [0.28750228, 0.09929971, 0.07879614, 0.17180021]]","[[0.04520032, 0.06589228, 0.07137289, 0.03572398], [0.08587777, 0.11664095, 0.12116764, 0.07934584], [0.10587011, 0.15610653, 0.16316473, 0.11801773], [0.11821397, 0.18729852, 0.19771892, 0.14920103], [0.12864159, 0.2214661, 0.22426178, 0.18376076], [0.12875961, 0.2468445, 0.23910278, 0.21075181], [0.12217494, 0.26694309, 0.24776226, 0.234213], [0.11486262, 0.30002348, 0.25282187, 0.26039566], [0.11290547, 0.32019009, 0.25338791, 0.27354562], [0.0896544, 0.28556555, 0.14055187, 0.26736341]]"
42,42,0.7494,0.6956,0.8442,3,0,"[[0.0465483, 0.02346501, 0.04197098, 0.02642159], [0.07925723, 0.02488494, 0.02737827, 0.00341715], [0.09747682, 0.01826777, 0.0264221, 0.01873284], [0.10407555, 0.01713099, 0.02754881, 0.03373221], [0.11303951, 0.01817547, 0.03379538, 0.04505163], [0.12253159, 0.01455331, 0.02670153, 0.05932704], [0.12315433, 0.01779119, 0.03285417, 0.07112581], [0.12896491, 0.01776303, 0.03310383, 0.07546866], [0.13492322, 0.02128394, 0.0349428, 0.08193768], [0.1336153, 0.01717575, 0.03481434, 0.09442634]]","[[0.02599413, 0.01692065, 0.04340345, 0.05878601], [0.01818457, 0.03398072, 0.08307158, 0.05407862], [0.01619975, 0.03250903, 0.08580438, 0.07642044], [0.02278085, 0.03421714, 0.08988475, 0.08681995], [0.02822294, 0.04318766, 0.10453456, 0.09005312], [0.03995157, 0.03712606, 0.11105881, 0.09540118], [0.05311853, 0.03982001, 0.105974, 0.09968763], [0.05953607, 0.03746723, 0.10543133, 0.10831969], [0.06634786, 0.04091261, 0.11182125, 0.11292052], [0.07269342, 0.03438436, 0.1130787, 0.1143529]]"
43,43,0.8454,0.7631,0.8491,3,0,"[[0.04298477, 0.00982379, 0.00652521, 0.04519828], [0.08872012, 0.02461704, 0.01944245, 0.08033664], [0.12065061, 0.02742297, 0.01870162, 0.10083481], [0.14556618, 0.03133234, 0.0243266, 0.11689801], [0.18229625, 0.0371687, 0.03323859, 0.13224581], [0.20039294, 0.05197203, 0.04457148, 0.14177983], [0.23564634, 0.07229211, 0.06803109, 0.17351735], [0.2643231, 0.09926019, 0.09216874, 0.19817855], [0.28428767, 0.11082809, 0.09794502, 0.2101253], [0.29192849, 0.07214595, 0.04983402, 0.21232652]]","[[0.03431589, 0.05845445, 0.06575345, 0.02938306], [0.06239516, 0.10200324, 0.11824238, 0.05351218], [0.08653216, 0.14137529, 0.15867889, 0.08219394], [0.12002455, 0.17997949, 0.19869736, 0.12431219], [0.1373223, 0.20831856, 0.23223724, 0.15604858], [0.16181503, 0.23965935, 0.25000327, 0.1945967], [0.17405585, 0.26253429, 0.26779303, 0.21673138], [0.18519534, 0.28805564, 0.26955482, 0.24001375], [0.18959851, 0.299338, 0.27707303, 0.24933468], [0.18381351, 0.24223189, 0.19542981, 0.24916571]]"
44,44,0.7556,0.7004,0.8464,3,0,"[[0.04309585, 0.04841097, 0.06637928, 0.02240998], [0.10125107, 0.07945416, 0.11567455, 0.0274919], [0.15229225, 0.11370952, 0.1588225, 0.02946113], [0.2013203, 0.15127661, 0.20082697, 0.0285805], [0.21576568, 0.17701328, 0.20941714, 0.03138127], [0.25882648, 0.21166248, 0.25009745, 0.04467554], [0.27706888, 0.23818837, 0.28148081, 0.05152461], [0.28915876, 0.2524329, 0.28501783, 0.06023039], [0.29519344, 0.24339841, 0.29457076, 0.06845672], [0.30294231, 0.12883703, 0.26564946, 0.03816595]]","[[0.0154786, 0.03841383, 0.0454354, 0.0657456], [0.01793464, 0.04502503, 0.05889029, 0.09589175], [0.02009124, 0.04849798, 0.05715389, 0.115386], [0.02310409, 0.05703852, 0.05784141, 0.13553319], [0.03802148, 0.05550163, 0.0710133, 0.14513447], [0.05106904, 0.0621921, 0.07057386, 0.15591372], [0.06598573, 0.07662543, 0.06832945, 0.16222139], [0.07738496, 0.08657567, 0.06095988, 0.15170903], [0.09375292, 0.10389397, 0.06555951, 0.15294296], [0.05762589, 0.05889042, 0.03399721, 0.14616376]]"
45,45,0.8334,0.7516,0.8466,1,0,"[[0.05438588, 0.03210383, 0.02217094, 0.06323764], [0.1047594, 0.02525322, 0.02588832, 0.06193056], [0.14779793, 0.03242005, 0.01977936, 0.05578791], [0.1856736, 0.03201215, 0.02381833, 0.06246349], [0.21701637, 0.04349486, 0.03313975, 0.06194183], [0.24290684, 0.06148622, 0.04361541, 0.06777515], [0.25087125, 0.08071001, 0.05353825, 0.08220606], [0.27707722, 0.11525716, 0.07014801, 0.10940937], [0.29608378, 0.13051922, 0.07083552, 0.11791212], [0.30779319, 0.04835392, 0.05552829, 0.06099874]]","[[0.02843261, 0.06042802, 0.06345614, 0.03703176], [0.01404533, 0.11907618, 0.10113896, 0.01081695], [0.02196229, 0.16210627, 0.15610653, 0.02286829], [0.03882692, 0.20161401, 0.18983324, 0.05410813], [0.04432977, 0.2280978, 0.2169675, 0.09178296], [0.04109309, 0.2534365, 0.22338589, 0.12917729], [0.04075695, 0.2691957, 0.2223375, 0.15612078], [0.04817234, 0.28655013, 0.23170034, 0.17590086], [0.05950071, 0.29991908, 0.23475264, 0.19253455], [0.03990979, 0.24321027, 0.14359012, 0.19158729]]"
46,46,0.7549,0.7006,0.8425,3,0,"[[0.03029109, 0.04153532, 0.05915814, 0.02504739], [0.07233939, 0.06363133, 0.10305391, 0.03608368], [0.12166266, 0.08733716, 0.14414074, 0.04146509], [0.1588225, 0.10396177, 0.17643912, 0.03155933], [0.20247416, 0.12419559, 0.20396336, 0.04272309], [0.22725514, 0.14655728, 0.22059672, 0.04111488], [0.25889973, 0.16517764, 0.24832136, 0.03939906], [0.26857516, 0.19547505, 0.25699087, 0.05299504], [0.2929144, 0.20900604, 0.26955482, 0.05136249], [0.29188218, 0.11031993, 0.20263931, 0.00632945]]","[[0.03733413, 0.03954722, 0.04071001, 0.05472458], [0.05020523, 0.08304698, 0.08350626, 0.10647189], [0.03928981, 0.106825, 0.0989109, 0.14501499], [0.03317932, 0.12289543, 0.10882964, 0.18189826], [0.02557793, 0.12843465, 0.10241148, 0.20292696], [0.03275473, 0.14528867, 0.1158353, 0.21464388], [0.03819699, 0.14237718, 0.11090962, 0.24587794], [0.05550193, 0.15354443, 0.1234123, 0.26172725], [0.07221053, 0.1584237, 0.13209309, 0.27747458], [0.04915082, 0.08626708, 0.07268034, 0.25271839]]"
47,47,0.8572,0.7792,0.8476,1,0,"[[0.05129784, 0.02829069, 0.01230901, 0.0642283], [0.08398171, 0.04686703, 0.03501842, 0.05141055], [0.11588975, 0.06907581, 0.04917916, 0.04576925], [0.14279369, 0.08408368, 0.04784742, 0.04667138], [0.17174208, 0.09764586, 0.059289, 0.05175713], [0.19257698, 0.10252626, 0.06561479, 0.05658036], [0.21743627, 0.1182543, 0.07684922, 0.07270472], [0.22991718, 0.12277618, 0.08350739, 0.07981133], [0.25570741, 0.13405674, 0.07892808, 0.08236658], [0.21751352, 0.05950903, 0.0646227, 0.10487816]]","[[0.02346034, 0.05898949, 0.05958086, 0.01586319], [0.05445886, 0.1006912, 0.08793439, 0.03087693], [0.07793113, 0.1426486, 0.14076199, 0.05629999], [0.0806539, 0.17996614, 0.18556731, 0.078117], [0.08592778, 0.21082871, 0.21354421, 0.10892364], [0.07446868, 0.24590414, 0.23223724, 0.13906565], [0.06620016, 0.25832616, 0.24590414, 0.17054953], [0.07470363, 0.28512738, 0.2522566, 0.19094837], [0.07945416, 0.30125597, 0.25319914, 0.21748377], [0.08620144, 0.25563419, 0.06893338, 0.21490966]]"
48,48,0.7423,0.6841,0.8394,2,0,"[[0.03295805, 0.03350448, 0.01189105, 0.0168439], [0.04795584, 0.05253445, 0.01417425, 0.00981294], [0.0703464, 0.07635947, 0.02205438, 0.0152572], [0.08734482, 0.09160661, 0.02737238, 0.01901423], [0.11157412, 0.11801902, 0.03685944, 0.02763406], [0.12555339, 0.13250823, 0.03503653, 0.02203036], [0.14543766, 0.15073334, 0.03827801, 0.03273478], [0.16911222, 0.1740704, 0.04387257, 0.03273546], [0.18782916, 0.19950765, 0.05421785, 0.04258817], [0.20286896, 0.19699323, 0.07158525, 0.02525735]]","[[0.01757535, 0.02647786, 0.01228869, 0.02306335], [0.02365733, 0.03565367, 0.02636639, 0.02477694], [0.0375639, 0.04661539, 0.03656276, 0.02957831], [0.04822349, 0.05316554, 0.04350249, 0.03106233], [0.06170098, 0.05871023, 0.05536098, 0.03285417], [0.07424503, 0.06895765, 0.07030278, 0.04262889], [0.08133049, 0.07286018, 0.08463956, 0.06173927], [0.08696393, 0.07997971, 0.09998944, 0.06134773], [0.11038542, 0.09310488, 0.10415918, 0.07556462], [0.10437601, 0.07877898, 0.11707885, 0.05716561]]"
49,49,0.8405,0.7654,0.8447,3,3,"[[0.05797578, 0.05346547, 0.015816, 0.03468244], [0.10057942, 0.07611116, 0.00403974, 0.02267281], [0.14468548, 0.11104954, 0.00704489, 0.03708961], [0.17628668, 0.12767527, 0.00553655, 0.03058736], [0.19951487, 0.14303862, 0.0053784, 0.03913379], [0.22216306, 0.14873434, 0.00849213, 0.0453498], [0.23583566, 0.16069309, 0.00467176, 0.05054898], [0.24926214, 0.17808514, 0.01157533, 0.06858593], [0.25435038, 0.186866, 0.00576529, 0.07578666], [0.07237868, 0.0652983, 0.00479875, 0.10548717]]","[[0.02119611, 0.03622741, 0.03730955, 0.06904316], [0.04648448, 0.0199261, 0.01267551, 0.11805796], [0.04888681, 0.03359785, 0.01260777, 0.14748085], [0.06654171, 0.04050873, 0.01223797, 0.18448315], [0.07641982, 0.05470016, 0.01143745, 0.20890155], [0.08103554, 0.06521727, 0.01138235, 0.23135009], [0.09112402, 0.07619446, 0.00805535, 0.25338534], [0.1035809, 0.09083499, 0.00707456, 0.27817336], [0.1001147, 0.09845014, 0.00560252, 0.28266722], [0.01305531, 0.01829615, 0.00723551, 0.2017334]]"
